"Town","County","Street_Name","Sensor_ID","Latitude","Longitude","Date","Time","Direction_West","Direction_East","Week_Year"
"Gorey","Wexford","Main Street",97898,52.67579,-6.29403,2022-08-29,"00:00:36",14,21,35
"Gorey","Wexford","Main Street",97898,52.67579,-6.29403,2022-08-29,"00:15:58",10,19,35
"Gorey","Wexford","Main Street",97898,52.67579,-6.29403,2022-08-29,"00:30:16",8,17,35
"Gorey","Wexford","Main Street",97898,52.67579,-6.29403,2022-08-29,"00:45:50",6,7,35
"Gorey","Wexford","Main Street",97898,52.67579,-6.29403,2022-08-29,"01:00:55",5,10,35
"Gorey","Wexford","Main Street",97898,52.67579,-6.29403,2022-08-29,"01:15:48",3,6,35
"Gorey","Wexford","Main Street",97898,52.67579,-6.29403,2022-08-29,"01:30:45",5,5,35
"Gorey","Wexford","Main Street",97898,52.67579,-6.29403,2022-08-29,"01:45:18",3,6,35
"Gorey","Wexford","Main Street",97898,52.67579,-6.29403,2022-08-29,"02:00:43",1,4,35
"Gorey","Wexford","Main Street",97898,52.67579,-6.29403,2022-08-29,"02:15:35",4,6,35
"Gorey","Wexford","Main Street",97898,52.67579,-6.29403,2022-08-29,"02:30:57",0,2,35
"Gorey","Wexford","Main Street",97898,52.67579,-6.29403,2022-08-29,"02:45:50",1,4,35
"Gorey","Wexford","Main Street",97898,52.67579,-6.29403,2022-08-29,"03:00:17",2,4,35
"Gorey","Wexford","Main Street",97898,52.67579,-6.29403,2022-08-29,"03:15:12",3,1,35
"Gorey","Wexford","Main Street",97898,52.67579,-6.29403,2022-08-29,"03:30:39",0,3,35
"Gorey","Wexford","Main Street",97898,52.67579,-6.29403,2022-08-29,"03:45:52",1,4,35
"Gorey","Wexford","Main Street",97898,52.67579,-6.29403,2022-08-29,"04:00:40",1,2,35
"Gorey","Wexford","Main Street",97898,52.67579,-6.29403,2022-08-29,"04:15:18",3,5,35
"Gorey","Wexford","Main Street",97898,52.67579,-6.29403,2022-08-29,"04:30:10",5,14,35
"Gorey","Wexford","Main Street",97898,52.67579,-6.29403,2022-08-29,"04:45:57",2,7,35
"Gorey","Wexford","Main Street",97898,52.67579,-6.29403,2022-08-29,"05:00:51",5,13,35
"Gorey","Wexford","Main Street",97898,52.67579,-6.29403,2022-08-29,"05:15:57",5,14,35
"Gorey","Wexford","Main Street",97898,52.67579,-6.29403,2022-08-29,"05:30:33",6,22,35
"Gorey","Wexford","Main Street",97898,52.67579,-6.29403,2022-08-29,"05:45:43",7,23,35
"Gorey","Wexford","Main Street",97898,52.67579,-6.29403,2022-08-29,"06:00:18",7,43,35
"Gorey","Wexford","Main Street",97898,52.67579,-6.29403,2022-08-29,"06:15:13",12,48,35
"Gorey","Wexford","Main Street",97898,52.67579,-6.29403,2022-08-29,"06:30:18",9,51,35
"Gorey","Wexford","Main Street",97898,52.67579,-6.29403,2022-08-29,"06:45:11",18,63,35
"Gorey","Wexford","Main Street",97898,52.67579,-6.29403,2022-08-29,"07:00:15",13,41,35
"Gorey","Wexford","Main Street",97898,52.67579,-6.29403,2022-08-29,"07:15:49",22,64,35
"Gorey","Wexford","Main Street",97898,52.67579,-6.29403,2022-08-29,"07:30:00",36,82,35
"Gorey","Wexford","Main Street",97898,52.67579,-6.29403,2022-08-29,"07:45:11",33,92,35
"Gorey","Wexford","Main Street",97898,52.67579,-6.29403,2022-08-29,"08:00:35",40,104,35
"Gorey","Wexford","Main Street",97898,52.67579,-6.29403,2022-08-29,"08:15:11",47,108,35
"Gorey","Wexford","Main Street",97898,52.67579,-6.29403,2022-08-29,"08:30:00",72,103,35
"Gorey","Wexford","Main Street",97898,52.67579,-6.29403,2022-08-29,"08:45:03",49,130,35
"Gorey","Wexford","Main Street",97898,52.67579,-6.29403,2022-08-29,"09:00:06",43,21,35
"Gorey","Wexford","Main Street",97898,52.67579,-6.29403,2022-08-29,"09:15:06",46,93,35
"Gorey","Wexford","Main Street",97898,52.67579,-6.29403,2022-08-29,"09:30:08",28,114,35
"Gorey","Wexford","Main Street",97898,52.67579,-6.29403,2022-08-29,"09:45:00",61,122,35
"Gorey","Wexford","Main Street",97898,52.67579,-6.29403,2022-08-29,"10:00:13",52,129,35
"Gorey","Wexford","Main Street",97898,52.67579,-6.29403,2022-08-29,"10:15:06",40,122,35
"Gorey","Wexford","Main Street",97898,52.67579,-6.29403,2022-08-29,"10:30:06",65,118,35
"Gorey","Wexford","Main Street",97898,52.67579,-6.29403,2022-08-29,"10:45:06",59,133,35
"Gorey","Wexford","Main Street",97898,52.67579,-6.29403,2022-08-29,"11:00:23",65,131,35
"Gorey","Wexford","Main Street",97898,52.67579,-6.29403,2022-08-29,"11:15:05",69,111,35
"Gorey","Wexford","Main Street",97898,52.67579,-6.29403,2022-08-29,"11:30:33",53,38,35
"Gorey","Wexford","Main Street",97898,52.67579,-6.29403,2022-08-29,"11:45:00",60,65,35
"Gorey","Wexford","Main Street",97898,52.67579,-6.29403,2022-08-29,"12:00:05",68,131,35
"Gorey","Wexford","Main Street",97898,52.67579,-6.29403,2022-08-29,"12:15:03",64,125,35
"Gorey","Wexford","Main Street",97898,52.67579,-6.29403,2022-08-29,"12:30:27",70,127,35
"Gorey","Wexford","Main Street",97898,52.67579,-6.29403,2022-08-29,"12:45:09",64,121,35
"Gorey","Wexford","Main Street",97898,52.67579,-6.29403,2022-08-29,"13:00:04",54,108,35
"Gorey","Wexford","Main Street",97898,52.67579,-6.29403,2022-08-29,"13:15:03",52,123,35
"Gorey","Wexford","Main Street",97898,52.67579,-6.29403,2022-08-29,"13:30:00",51,126,35
"Gorey","Wexford","Main Street",97898,52.67579,-6.29403,2022-08-29,"13:45:05",64,125,35
"Gorey","Wexford","Main Street",97898,52.67579,-6.29403,2022-08-29,"14:00:08",59,123,35
"Gorey","Wexford","Main Street",97898,52.67579,-6.29403,2022-08-29,"14:15:00",16,116,35
"Gorey","Wexford","Main Street",97898,52.67579,-6.29403,2022-08-29,"14:30:10",11,122,35
"Gorey","Wexford","Main Street",97898,52.67579,-6.29403,2022-08-29,"14:45:27",48,133,35
"Gorey","Wexford","Main Street",97898,52.67579,-6.29403,2022-08-29,"15:00:07",71,141,35
"Gorey","Wexford","Main Street",97898,52.67579,-6.29403,2022-08-29,"15:15:00",47,92,35
"Gorey","Wexford","Main Street",97898,52.67579,-6.29403,2022-08-29,"15:30:04",51,86,35
"Gorey","Wexford","Main Street",97898,52.67579,-6.29403,2022-08-29,"15:45:19",48,130,35
"Gorey","Wexford","Main Street",97898,52.67579,-6.29403,2022-08-29,"16:00:26",66,74,35
"Gorey","Wexford","Main Street",97898,52.67579,-6.29403,2022-08-29,"16:15:03",24,106,35
"Gorey","Wexford","Main Street",97898,52.67579,-6.29403,2022-08-29,"16:30:04",43,108,35
"Gorey","Wexford","Main Street",97898,52.67579,-6.29403,2022-08-29,"16:45:04",78,144,35
"Gorey","Wexford","Main Street",97898,52.67579,-6.29403,2022-08-29,"17:00:04",84,150,35
"Gorey","Wexford","Main Street",97898,52.67579,-6.29403,2022-08-29,"17:15:00",82,127,35
"Gorey","Wexford","Main Street",97898,52.67579,-6.29403,2022-08-29,"17:30:17",76,122,35
"Gorey","Wexford","Main Street",97898,52.67579,-6.29403,2022-08-29,"17:45:07",64,130,35
"Gorey","Wexford","Main Street",97898,52.67579,-6.29403,2022-08-29,"18:00:07",68,122,35
"Gorey","Wexford","Main Street",97898,52.67579,-6.29403,2022-08-29,"18:15:04",80,146,35
"Gorey","Wexford","Main Street",97898,52.67579,-6.29403,2022-08-29,"18:30:07",78,119,35
"Gorey","Wexford","Main Street",97898,52.67579,-6.29403,2022-08-29,"18:45:00",85,90,35
"Gorey","Wexford","Main Street",97898,52.67579,-6.29403,2022-08-29,"19:00:07",57,122,35
"Gorey","Wexford","Main Street",97898,52.67579,-6.29403,2022-08-29,"19:15:08",87,131,35
"Gorey","Wexford","Main Street",97898,52.67579,-6.29403,2022-08-29,"19:30:09",79,117,35
"Gorey","Wexford","Main Street",97898,52.67579,-6.29403,2022-08-29,"19:45:24",59,102,35
"Gorey","Wexford","Main Street",97898,52.67579,-6.29403,2022-08-29,"20:00:04",65,116,35
"Gorey","Wexford","Main Street",97898,52.67579,-6.29403,2022-08-29,"20:15:00",81,83,35
"Gorey","Wexford","Main Street",97898,52.67579,-6.29403,2022-08-29,"20:30:00",82,115,35
"Gorey","Wexford","Main Street",97898,52.67579,-6.29403,2022-08-29,"20:45:00",78,93,35
"Gorey","Wexford","Main Street",97898,52.67579,-6.29403,2022-08-29,"21:00:11",57,77,35
"Gorey","Wexford","Main Street",97898,52.67579,-6.29403,2022-08-29,"21:15:08",59,54,35
"Gorey","Wexford","Main Street",97898,52.67579,-6.29403,2022-08-29,"21:30:24",40,44,35
"Gorey","Wexford","Main Street",97898,52.67579,-6.29403,2022-08-29,"21:45:10",30,35,35
"Gorey","Wexford","Main Street",97898,52.67579,-6.29403,2022-08-29,"22:00:08",31,36,35
"Gorey","Wexford","Main Street",97898,52.67579,-6.29403,2022-08-29,"22:15:43",26,22,35
"Gorey","Wexford","Main Street",97898,52.67579,-6.29403,2022-08-29,"22:30:18",16,27,35
"Gorey","Wexford","Main Street",97898,52.67579,-6.29403,2022-08-29,"22:45:43",21,17,35
"Gorey","Wexford","Main Street",97898,52.67579,-6.29403,2022-08-29,"23:00:16",15,17,35
"Gorey","Wexford","Main Street",97898,52.67579,-6.29403,2022-08-29,"23:15:15",22,13,35
"Gorey","Wexford","Main Street",97898,52.67579,-6.29403,2022-08-29,"23:30:47",10,13,35
"Gorey","Wexford","Main Street",97898,52.67579,-6.29403,2022-08-29,"23:45:28",11,11,35
"Gorey","Wexford","Main Street",97898,52.67579,-6.29403,2022-08-30,"00:00:08",7,19,35
"Gorey","Wexford","Main Street",97898,52.67579,-6.29403,2022-08-30,"00:15:42",8,12,35
"Gorey","Wexford","Main Street",97898,52.67579,-6.29403,2022-08-30,"00:30:31",9,11,35
"Gorey","Wexford","Main Street",97898,52.67579,-6.29403,2022-08-30,"00:45:59",2,7,35
"Gorey","Wexford","Main Street",97898,52.67579,-6.29403,2022-08-30,"01:00:55",3,8,35
"Gorey","Wexford","Main Street",97898,52.67579,-6.29403,2022-08-30,"01:15:37",7,3,35
"Gorey","Wexford","Main Street",97898,52.67579,-6.29403,2022-08-30,"01:30:14",3,2,35
"Gorey","Wexford","Main Street",97898,52.67579,-6.29403,2022-08-30,"01:45:55",6,4,35
"Gorey","Wexford","Main Street",97898,52.67579,-6.29403,2022-08-30,"02:00:53",3,2,35
"Gorey","Wexford","Main Street",97898,52.67579,-6.29403,2022-08-30,"02:15:34",2,4,35
"Gorey","Wexford","Main Street",97898,52.67579,-6.29403,2022-08-30,"02:30:40",3,5,35
"Gorey","Wexford","Main Street",97898,52.67579,-6.29403,2022-08-30,"02:45:15",0,5,35
"Gorey","Wexford","Main Street",97898,52.67579,-6.29403,2022-08-30,"03:00:37",1,1,35
"Gorey","Wexford","Main Street",97898,52.67579,-6.29403,2022-08-30,"03:15:41",1,3,35
"Gorey","Wexford","Main Street",97898,52.67579,-6.29403,2022-08-30,"03:30:58",2,2,35
"Gorey","Wexford","Main Street",97898,52.67579,-6.29403,2022-08-30,"03:45:05",4,3,35
"Gorey","Wexford","Main Street",97898,52.67579,-6.29403,2022-08-30,"04:00:42",1,2,35
"Gorey","Wexford","Main Street",97898,52.67579,-6.29403,2022-08-30,"04:15:26",0,4,35
"Gorey","Wexford","Main Street",97898,52.67579,-6.29403,2022-08-30,"04:30:38",1,11,35
"Gorey","Wexford","Main Street",97898,52.67579,-6.29403,2022-08-30,"04:45:00",4,5,35
"Gorey","Wexford","Main Street",97898,52.67579,-6.29403,2022-08-30,"05:00:18",6,11,35
"Gorey","Wexford","Main Street",97898,52.67579,-6.29403,2022-08-30,"05:15:34",6,14,35
"Gorey","Wexford","Main Street",97898,52.67579,-6.29403,2022-08-30,"05:30:16",9,23,35
"Gorey","Wexford","Main Street",97898,52.67579,-6.29403,2022-08-30,"05:45:10",6,30,35
"Gorey","Wexford","Main Street",97898,52.67579,-6.29403,2022-08-30,"06:00:15",12,32,35
"Gorey","Wexford","Main Street",97898,52.67579,-6.29403,2022-08-30,"06:15:36",9,55,35
"Gorey","Wexford","Main Street",97898,52.67579,-6.29403,2022-08-30,"06:30:48",16,42,35
"Gorey","Wexford","Main Street",97898,52.67579,-6.29403,2022-08-30,"06:45:09",22,71,35
"Gorey","Wexford","Main Street",97898,52.67579,-6.29403,2022-08-30,"07:00:11",16,51,35
"Gorey","Wexford","Main Street",97898,52.67579,-6.29403,2022-08-30,"07:15:05",28,75,35
"Gorey","Wexford","Main Street",97898,52.67579,-6.29403,2022-08-30,"07:30:11",36,83,35
"Gorey","Wexford","Main Street",97898,52.67579,-6.29403,2022-08-30,"07:45:03",36,109,35
"Gorey","Wexford","Main Street",97898,52.67579,-6.29403,2022-08-30,"08:00:19",39,117,35
"Gorey","Wexford","Main Street",97898,52.67579,-6.29403,2022-08-30,"08:15:13",56,151,35
"Gorey","Wexford","Main Street",97898,52.67579,-6.29403,2022-08-30,"08:30:00",72,145,35
"Gorey","Wexford","Main Street",97898,52.67579,-6.29403,2022-08-30,"08:45:04",68,129,35
"Gorey","Wexford","Main Street",97898,52.67579,-6.29403,2022-08-30,"09:00:04",57,65,35
"Gorey","Wexford","Main Street",97898,52.67579,-6.29403,2022-08-30,"09:15:21",57,112,35
"Gorey","Wexford","Main Street",97898,52.67579,-6.29403,2022-08-30,"09:30:07",53,124,35
"Gorey","Wexford","Main Street",97898,52.67579,-6.29403,2022-08-30,"09:45:00",66,132,35
"Gorey","Wexford","Main Street",97898,52.67579,-6.29403,2022-08-30,"10:00:10",52,134,35
"Gorey","Wexford","Main Street",97898,52.67579,-6.29403,2022-08-30,"10:15:00",52,119,35
"Gorey","Wexford","Main Street",97898,52.67579,-6.29403,2022-08-30,"10:30:06",62,120,35
"Gorey","Wexford","Main Street",97898,52.67579,-6.29403,2022-08-30,"10:45:07",35,132,35
"Gorey","Wexford","Main Street",97898,52.67579,-6.29403,2022-08-30,"11:00:17",62,124,35
"Gorey","Wexford","Main Street",97898,52.67579,-6.29403,2022-08-30,"11:15:06",66,106,35
"Gorey","Wexford","Main Street",97898,52.67579,-6.29403,2022-08-30,"11:30:09",40,12,35
"Gorey","Wexford","Main Street",97898,52.67579,-6.29403,2022-08-30,"11:45:00",59,56,35
"Gorey","Wexford","Main Street",97898,52.67579,-6.29403,2022-08-30,"12:00:08",62,125,35
"Gorey","Wexford","Main Street",97898,52.67579,-6.29403,2022-08-30,"12:15:00",51,106,35
"Gorey","Wexford","Main Street",97898,52.67579,-6.29403,2022-08-30,"12:30:15",63,127,35
"Gorey","Wexford","Main Street",97898,52.67579,-6.29403,2022-08-30,"12:45:00",58,116,35
"Gorey","Wexford","Main Street",97898,52.67579,-6.29403,2022-08-30,"13:00:00",68,117,35
"Gorey","Wexford","Main Street",97898,52.67579,-6.29403,2022-08-30,"13:15:05",33,115,35
"Gorey","Wexford","Main Street",97898,52.67579,-6.29403,2022-08-30,"13:30:05",41,121,35
"Gorey","Wexford","Main Street",97898,52.67579,-6.29403,2022-08-30,"13:45:00",32,114,35
"Gorey","Wexford","Main Street",97898,52.67579,-6.29403,2022-08-30,"14:00:04",61,131,35
"Gorey","Wexford","Main Street",97898,52.67579,-6.29403,2022-08-30,"14:15:00",14,134,35
"Gorey","Wexford","Main Street",97898,52.67579,-6.29403,2022-08-30,"14:30:08",4,126,35
"Gorey","Wexford","Main Street",97898,52.67579,-6.29403,2022-08-30,"14:45:00",36,129,35
"Gorey","Wexford","Main Street",97898,52.67579,-6.29403,2022-08-30,"15:00:06",62,117,35
"Gorey","Wexford","Main Street",97898,52.67579,-6.29403,2022-08-30,"15:15:04",46,117,35
"Gorey","Wexford","Main Street",97898,52.67579,-6.29403,2022-08-30,"15:30:16",54,121,35
"Gorey","Wexford","Main Street",97898,52.67579,-6.29403,2022-08-30,"15:45:10",40,134,35
"Gorey","Wexford","Main Street",97898,52.67579,-6.29403,2022-08-30,"16:00:19",12,106,35
"Gorey","Wexford","Main Street",97898,52.67579,-6.29403,2022-08-30,"16:15:00",11,121,35
"Gorey","Wexford","Main Street",97898,52.67579,-6.29403,2022-08-30,"16:30:21",56,124,35
"Gorey","Wexford","Main Street",97898,52.67579,-6.29403,2022-08-30,"16:45:00",80,119,35
"Gorey","Wexford","Main Street",97898,52.67579,-6.29403,2022-08-30,"17:00:06",81,129,35
"Gorey","Wexford","Main Street",97898,52.67579,-6.29403,2022-08-30,"17:15:07",53,124,35
"Gorey","Wexford","Main Street",97898,52.67579,-6.29403,2022-08-30,"17:30:06",55,129,35
"Gorey","Wexford","Main Street",97898,52.67579,-6.29403,2022-08-30,"17:45:03",86,77,35
"Gorey","Wexford","Main Street",97898,52.67579,-6.29403,2022-08-30,"18:00:11",61,50,35
"Gorey","Wexford","Main Street",97898,52.67579,-6.29403,2022-08-30,"18:15:04",61,64,35
"Gorey","Wexford","Main Street",97898,52.67579,-6.29403,2022-08-30,"18:30:03",80,111,35
"Gorey","Wexford","Main Street",97898,52.67579,-6.29403,2022-08-30,"18:45:05",73,143,35
"Gorey","Wexford","Main Street",97898,52.67579,-6.29403,2022-08-30,"19:00:19",67,131,35
"Gorey","Wexford","Main Street",97898,52.67579,-6.29403,2022-08-30,"19:15:04",59,130,35
"Gorey","Wexford","Main Street",97898,52.67579,-6.29403,2022-08-30,"19:30:09",79,100,35
"Gorey","Wexford","Main Street",97898,52.67579,-6.29403,2022-08-30,"19:45:04",77,119,35
"Gorey","Wexford","Main Street",97898,52.67579,-6.29403,2022-08-30,"20:00:00",58,92,35
"Gorey","Wexford","Main Street",97898,52.67579,-6.29403,2022-08-30,"20:15:11",63,88,35
"Gorey","Wexford","Main Street",97898,52.67579,-6.29403,2022-08-30,"20:30:04",62,88,35
"Gorey","Wexford","Main Street",97898,52.67579,-6.29403,2022-08-30,"20:45:04",53,75,35
"Gorey","Wexford","Main Street",97898,52.67579,-6.29403,2022-08-30,"21:00:05",59,50,35
"Gorey","Wexford","Main Street",97898,52.67579,-6.29403,2022-08-30,"21:15:00",51,68,35
"Gorey","Wexford","Main Street",97898,52.67579,-6.29403,2022-08-30,"21:30:13",31,62,35
"Gorey","Wexford","Main Street",97898,52.67579,-6.29403,2022-08-30,"21:45:05",35,41,35
"Gorey","Wexford","Main Street",97898,52.67579,-6.29403,2022-08-30,"22:00:19",27,38,35
"Gorey","Wexford","Main Street",97898,52.67579,-6.29403,2022-08-30,"22:15:36",16,30,35
"Gorey","Wexford","Main Street",97898,52.67579,-6.29403,2022-08-30,"22:30:27",26,25,35
"Gorey","Wexford","Main Street",97898,52.67579,-6.29403,2022-08-30,"22:45:10",16,29,35
"Gorey","Wexford","Main Street",97898,52.67579,-6.29403,2022-08-30,"23:00:01",18,22,35
"Gorey","Wexford","Main Street",97898,52.67579,-6.29403,2022-08-30,"23:15:17",21,18,35
"Gorey","Wexford","Main Street",97898,52.67579,-6.29403,2022-08-30,"23:30:22",9,17,35
"Gorey","Wexford","Main Street",97898,52.67579,-6.29403,2022-08-30,"23:45:10",11,17,35
"Gorey","Wexford","Main Street",97898,52.67579,-6.29403,2022-08-31,"00:00:28",8,12,35
"Gorey","Wexford","Main Street",97898,52.67579,-6.29403,2022-08-31,"00:15:12",8,13,35
"Gorey","Wexford","Main Street",97898,52.67579,-6.29403,2022-08-31,"00:30:18",2,6,35
"Gorey","Wexford","Main Street",97898,52.67579,-6.29403,2022-08-31,"00:45:20",4,2,35
"Gorey","Wexford","Main Street",97898,52.67579,-6.29403,2022-08-31,"01:00:31",4,6,35
"Gorey","Wexford","Main Street",97898,52.67579,-6.29403,2022-08-31,"01:15:50",3,4,35
"Gorey","Wexford","Main Street",97898,52.67579,-6.29403,2022-08-31,"01:30:09",5,5,35
"Gorey","Wexford","Main Street",97898,52.67579,-6.29403,2022-08-31,"01:45:25",5,6,35
"Gorey","Wexford","Main Street",97898,52.67579,-6.29403,2022-08-31,"02:00:03",0,2,35
"Gorey","Wexford","Main Street",97898,52.67579,-6.29403,2022-08-31,"02:15:40",2,3,35
"Gorey","Wexford","Main Street",97898,52.67579,-6.29403,2022-08-31,"02:30:55",0,2,35
"Gorey","Wexford","Main Street",97898,52.67579,-6.29403,2022-08-31,"02:45:13",0,6,35
"Gorey","Wexford","Main Street",97898,52.67579,-6.29403,2022-08-31,"03:00:08",2,3,35
"Gorey","Wexford","Main Street",97898,52.67579,-6.29403,2022-08-31,"03:15:28",3,3,35
"Gorey","Wexford","Main Street",97898,52.67579,-6.29403,2022-08-31,"03:30:12",0,5,35
"Gorey","Wexford","Main Street",97898,52.67579,-6.29403,2022-08-31,"03:45:56",4,6,35
"Gorey","Wexford","Main Street",97898,52.67579,-6.29403,2022-08-31,"04:00:06",1,2,35
"Gorey","Wexford","Main Street",97898,52.67579,-6.29403,2022-08-31,"04:15:00",2,6,35
"Gorey","Wexford","Main Street",97898,52.67579,-6.29403,2022-08-31,"04:30:30",3,10,35
"Gorey","Wexford","Main Street",97898,52.67579,-6.29403,2022-08-31,"04:45:36",3,10,35
"Gorey","Wexford","Main Street",97898,52.67579,-6.29403,2022-08-31,"05:00:22",7,11,35
"Gorey","Wexford","Main Street",97898,52.67579,-6.29403,2022-08-31,"05:15:21",6,13,35
"Gorey","Wexford","Main Street",97898,52.67579,-6.29403,2022-08-31,"05:30:23",9,25,35
"Gorey","Wexford","Main Street",97898,52.67579,-6.29403,2022-08-31,"05:45:09",11,43,35
"Gorey","Wexford","Main Street",97898,52.67579,-6.29403,2022-08-31,"06:00:44",10,34,35
"Gorey","Wexford","Main Street",97898,52.67579,-6.29403,2022-08-31,"06:15:14",7,42,35
"Gorey","Wexford","Main Street",97898,52.67579,-6.29403,2022-08-31,"06:30:00",17,42,35
"Gorey","Wexford","Main Street",97898,52.67579,-6.29403,2022-08-31,"06:45:24",20,68,35
"Gorey","Wexford","Main Street",97898,52.67579,-6.29403,2022-08-31,"07:00:09",16,51,35
"Gorey","Wexford","Main Street",97898,52.67579,-6.29403,2022-08-31,"07:15:28",18,67,35
"Gorey","Wexford","Main Street",97898,52.67579,-6.29403,2022-08-31,"07:30:09",36,97,35
"Gorey","Wexford","Main Street",97898,52.67579,-6.29403,2022-08-31,"07:45:29",40,113,35
"Gorey","Wexford","Main Street",97898,52.67579,-6.29403,2022-08-31,"08:00:07",57,122,35
"Gorey","Wexford","Main Street",97898,52.67579,-6.29403,2022-08-31,"08:15:15",71,145,35
"Gorey","Wexford","Main Street",97898,52.67579,-6.29403,2022-08-31,"08:30:03",77,146,35
"Gorey","Wexford","Main Street",97898,52.67579,-6.29403,2022-08-31,"08:45:07",70,125,35
"Gorey","Wexford","Main Street",97898,52.67579,-6.29403,2022-08-31,"09:00:07",61,68,35
"Gorey","Wexford","Main Street",97898,52.67579,-6.29403,2022-08-31,"09:15:00",48,113,35
"Gorey","Wexford","Main Street",97898,52.67579,-6.29403,2022-08-31,"09:30:00",51,136,35
"Gorey","Wexford","Main Street",97898,52.67579,-6.29403,2022-08-31,"09:45:00",56,129,35
"Gorey","Wexford","Main Street",97898,52.67579,-6.29403,2022-08-31,"10:00:15",48,113,35
"Gorey","Wexford","Main Street",97898,52.67579,-6.29403,2022-08-31,"10:15:12",65,126,35
"Gorey","Wexford","Main Street",97898,52.67579,-6.29403,2022-08-31,"10:30:23",47,115,35
"Gorey","Wexford","Main Street",97898,52.67579,-6.29403,2022-08-31,"10:45:06",60,117,35
"Gorey","Wexford","Main Street",97898,52.67579,-6.29403,2022-08-31,"11:00:00",57,112,35
"Gorey","Wexford","Main Street",97898,52.67579,-6.29403,2022-08-31,"11:15:12",58,92,35
"Gorey","Wexford","Main Street",97898,52.67579,-6.29403,2022-08-31,"11:30:14",59,2,35
"Gorey","Wexford","Main Street",97898,52.67579,-6.29403,2022-08-31,"11:45:14",75,126,35
"Gorey","Wexford","Main Street",97898,52.67579,-6.29403,2022-08-31,"12:00:04",58,126,35
"Gorey","Wexford","Main Street",97898,52.67579,-6.29403,2022-08-31,"12:15:04",44,127,35
"Gorey","Wexford","Main Street",97898,52.67579,-6.29403,2022-08-31,"12:30:00",63,115,35
"Gorey","Wexford","Main Street",97898,52.67579,-6.29403,2022-08-31,"12:45:10",53,125,35
"Gorey","Wexford","Main Street",97898,52.67579,-6.29403,2022-08-31,"13:00:10",57,120,35
"Gorey","Wexford","Main Street",97898,52.67579,-6.29403,2022-08-31,"13:15:14",52,103,35
"Gorey","Wexford","Main Street",97898,52.67579,-6.29403,2022-08-31,"13:30:00",62,117,35
"Gorey","Wexford","Main Street",97898,52.67579,-6.29403,2022-08-31,"13:45:08",31,121,35
"Gorey","Wexford","Main Street",97898,52.67579,-6.29403,2022-08-31,"14:00:00",51,108,35
"Gorey","Wexford","Main Street",97898,52.67579,-6.29403,2022-08-31,"14:15:09",18,116,35
"Gorey","Wexford","Main Street",97898,52.67579,-6.29403,2022-08-31,"14:30:05",3,96,35
"Gorey","Wexford","Main Street",97898,52.67579,-6.29403,2022-08-31,"14:45:11",49,119,35
"Gorey","Wexford","Main Street",97898,52.67579,-6.29403,2022-08-31,"15:00:05",65,142,35
"Gorey","Wexford","Main Street",97898,52.67579,-6.29403,2022-08-31,"15:15:16",58,133,35
"Gorey","Wexford","Main Street",97898,52.67579,-6.29403,2022-08-31,"15:30:06",58,128,35
"Gorey","Wexford","Main Street",97898,52.67579,-6.29403,2022-08-31,"15:45:00",69,133,35
"Gorey","Wexford","Main Street",97898,52.67579,-6.29403,2022-08-31,"16:00:00",53,113,35
"Gorey","Wexford","Main Street",97898,52.67579,-6.29403,2022-08-31,"16:15:10",18,118,35
"Gorey","Wexford","Main Street",97898,52.67579,-6.29403,2022-08-31,"16:30:00",38,137,35
"Gorey","Wexford","Main Street",97898,52.67579,-6.29403,2022-08-31,"16:45:04",75,130,35
"Gorey","Wexford","Main Street",97898,52.67579,-6.29403,2022-08-31,"17:00:03",75,135,35
"Gorey","Wexford","Main Street",97898,52.67579,-6.29403,2022-08-31,"17:15:00",78,144,35
"Gorey","Wexford","Main Street",97898,52.67579,-6.29403,2022-08-31,"17:30:13",90,126,35
"Gorey","Wexford","Main Street",97898,52.67579,-6.29403,2022-08-31,"17:45:14",88,60,35
"Gorey","Wexford","Main Street",97898,52.67579,-6.29403,2022-08-31,"18:00:17",70,80,35
"Gorey","Wexford","Main Street",97898,52.67579,-6.29403,2022-08-31,"18:15:00",54,130,35
"Gorey","Wexford","Main Street",97898,52.67579,-6.29403,2022-08-31,"18:30:07",61,90,35
"Gorey","Wexford","Main Street",97898,52.67579,-6.29403,2022-08-31,"18:45:03",71,102,35
"Gorey","Wexford","Main Street",97898,52.67579,-6.29403,2022-08-31,"19:00:04",74,113,35
"Gorey","Wexford","Main Street",97898,52.67579,-6.29403,2022-08-31,"19:15:00",58,112,35
"Gorey","Wexford","Main Street",97898,52.67579,-6.29403,2022-08-31,"19:30:09",68,97,35
"Gorey","Wexford","Main Street",97898,52.67579,-6.29403,2022-08-31,"19:45:09",68,101,35
"Gorey","Wexford","Main Street",97898,52.67579,-6.29403,2022-08-31,"20:00:18",64,92,35
"Gorey","Wexford","Main Street",97898,52.67579,-6.29403,2022-08-31,"20:15:16",58,90,35
"Gorey","Wexford","Main Street",97898,52.67579,-6.29403,2022-08-31,"20:30:11",66,75,35
"Gorey","Wexford","Main Street",97898,52.67579,-6.29403,2022-08-31,"20:45:18",64,91,35
"Gorey","Wexford","Main Street",97898,52.67579,-6.29403,2022-08-31,"21:00:12",66,61,35
"Gorey","Wexford","Main Street",97898,52.67579,-6.29403,2022-08-31,"21:15:05",50,74,35
"Gorey","Wexford","Main Street",97898,52.67579,-6.29403,2022-08-31,"21:30:10",31,50,35
"Gorey","Wexford","Main Street",97898,52.67579,-6.29403,2022-08-31,"21:45:14",23,42,35
"Gorey","Wexford","Main Street",97898,52.67579,-6.29403,2022-08-31,"22:00:19",33,53,35
"Gorey","Wexford","Main Street",97898,52.67579,-6.29403,2022-08-31,"22:15:06",26,50,35
"Gorey","Wexford","Main Street",97898,52.67579,-6.29403,2022-08-31,"22:30:06",25,41,35
"Gorey","Wexford","Main Street",97898,52.67579,-6.29403,2022-08-31,"22:45:11",20,24,35
"Gorey","Wexford","Main Street",97898,52.67579,-6.29403,2022-08-31,"23:00:20",18,21,35
"Gorey","Wexford","Main Street",97898,52.67579,-6.29403,2022-08-31,"23:15:00",16,14,35
"Gorey","Wexford","Main Street",97898,52.67579,-6.29403,2022-08-31,"23:30:13",9,19,35
"Gorey","Wexford","Main Street",97898,52.67579,-6.29403,2022-08-31,"23:45:40",10,12,35
"Gorey","Wexford","Main Street",97898,52.67579,-6.29403,2022-09-01,"00:00:22",15,18,35
"Gorey","Wexford","Main Street",97898,52.67579,-6.29403,2022-09-01,"00:15:41",8,13,35
"Gorey","Wexford","Main Street",97898,52.67579,-6.29403,2022-09-01,"00:30:36",9,10,35
"Gorey","Wexford","Main Street",97898,52.67579,-6.29403,2022-09-01,"00:45:05",8,8,35
"Gorey","Wexford","Main Street",97898,52.67579,-6.29403,2022-09-01,"01:00:46",4,11,35
"Gorey","Wexford","Main Street",97898,52.67579,-6.29403,2022-09-01,"01:15:44",7,3,35
"Gorey","Wexford","Main Street",97898,52.67579,-6.29403,2022-09-01,"01:30:42",3,5,35
"Gorey","Wexford","Main Street",97898,52.67579,-6.29403,2022-09-01,"01:45:14",2,4,35
"Gorey","Wexford","Main Street",97898,52.67579,-6.29403,2022-09-01,"02:00:32",2,2,35
"Gorey","Wexford","Main Street",97898,52.67579,-6.29403,2022-09-01,"02:15:28",5,4,35
"Gorey","Wexford","Main Street",97898,52.67579,-6.29403,2022-09-01,"02:30:25",3,5,35
"Gorey","Wexford","Main Street",97898,52.67579,-6.29403,2022-09-01,"02:45:29",2,6,35
"Gorey","Wexford","Main Street",97898,52.67579,-6.29403,2022-09-01,"03:00:59",1,3,35
"Gorey","Wexford","Main Street",97898,52.67579,-6.29403,2022-09-01,"03:15:10",1,1,35
"Gorey","Wexford","Main Street",97898,52.67579,-6.29403,2022-09-01,"03:30:43",2,3,35
"Gorey","Wexford","Main Street",97898,52.67579,-6.29403,2022-09-01,"03:45:10",0,5,35
"Gorey","Wexford","Main Street",97898,52.67579,-6.29403,2022-09-01,"04:00:57",3,3,35
"Gorey","Wexford","Main Street",97898,52.67579,-6.29403,2022-09-01,"04:15:21",0,5,35
"Gorey","Wexford","Main Street",97898,52.67579,-6.29403,2022-09-01,"04:30:05",2,9,35
"Gorey","Wexford","Main Street",97898,52.67579,-6.29403,2022-09-01,"04:45:11",0,5,35
"Gorey","Wexford","Main Street",97898,52.67579,-6.29403,2022-09-01,"05:00:10",5,11,35
"Gorey","Wexford","Main Street",97898,52.67579,-6.29403,2022-09-01,"05:15:34",5,23,35
"Gorey","Wexford","Main Street",97898,52.67579,-6.29403,2022-09-01,"05:30:06",10,31,35
"Gorey","Wexford","Main Street",97898,52.67579,-6.29403,2022-09-01,"05:45:21",9,33,35
"Gorey","Wexford","Main Street",97898,52.67579,-6.29403,2022-09-01,"06:00:50",13,53,35
"Gorey","Wexford","Main Street",97898,52.67579,-6.29403,2022-09-01,"06:15:12",15,58,35
"Gorey","Wexford","Main Street",97898,52.67579,-6.29403,2022-09-01,"06:30:19",12,59,35
"Gorey","Wexford","Main Street",97898,52.67579,-6.29403,2022-09-01,"06:45:04",23,69,35
"Gorey","Wexford","Main Street",97898,52.67579,-6.29403,2022-09-01,"07:00:05",23,64,35
"Gorey","Wexford","Main Street",97898,52.67579,-6.29403,2022-09-01,"07:15:08",25,72,35
"Gorey","Wexford","Main Street",97898,52.67579,-6.29403,2022-09-01,"07:30:27",43,97,35
"Gorey","Wexford","Main Street",97898,52.67579,-6.29403,2022-09-01,"07:45:00",43,107,35
"Gorey","Wexford","Main Street",97898,52.67579,-6.29403,2022-09-01,"08:00:17",72,131,35
"Gorey","Wexford","Main Street",97898,52.67579,-6.29403,2022-09-01,"08:15:05",85,139,35
"Gorey","Wexford","Main Street",97898,52.67579,-6.29403,2022-09-01,"08:30:11",85,144,35
"Gorey","Wexford","Main Street",97898,52.67579,-6.29403,2022-09-01,"08:45:08",86,114,35
"Gorey","Wexford","Main Street",97898,52.67579,-6.29403,2022-09-01,"09:00:10",22,47,35
"Gorey","Wexford","Main Street",97898,52.67579,-6.29403,2022-09-01,"09:15:05",60,118,35
"Gorey","Wexford","Main Street",97898,52.67579,-6.29403,2022-09-01,"09:30:09",59,121,35
"Gorey","Wexford","Main Street",97898,52.67579,-6.29403,2022-09-01,"09:45:06",55,142,35
"Gorey","Wexford","Main Street",97898,52.67579,-6.29403,2022-09-01,"10:00:03",20,40,35
"Gorey","Wexford","Main Street",97898,52.67579,-6.29403,2022-09-01,"10:15:00",22,46,35
"Gorey","Wexford","Main Street",97898,52.67579,-6.29403,2022-09-01,"10:30:08",62,128,35
"Gorey","Wexford","Main Street",97898,52.67579,-6.29403,2022-09-01,"10:45:09",58,128,35
"Gorey","Wexford","Main Street",97898,52.67579,-6.29403,2022-09-01,"11:00:00",63,123,35
"Gorey","Wexford","Main Street",97898,52.67579,-6.29403,2022-09-01,"11:15:04",61,114,35
"Gorey","Wexford","Main Street",97898,52.67579,-6.29403,2022-09-01,"11:30:29",72,60,35
"Gorey","Wexford","Main Street",97898,52.67579,-6.29403,2022-09-01,"11:45:17",66,53,35
"Gorey","Wexford","Main Street",97898,52.67579,-6.29403,2022-09-01,"12:00:07",59,124,35
"Gorey","Wexford","Main Street",97898,52.67579,-6.29403,2022-09-01,"12:15:03",62,124,35
"Gorey","Wexford","Main Street",97898,52.67579,-6.29403,2022-09-01,"12:30:13",55,107,35
"Gorey","Wexford","Main Street",97898,52.67579,-6.29403,2022-09-01,"12:45:03",52,142,35
"Gorey","Wexford","Main Street",97898,52.67579,-6.29403,2022-09-01,"13:00:08",38,115,35
"Gorey","Wexford","Main Street",97898,52.67579,-6.29403,2022-09-01,"13:15:18",36,97,35
"Gorey","Wexford","Main Street",97898,52.67579,-6.29403,2022-09-01,"13:30:05",47,122,35
"Gorey","Wexford","Main Street",97898,52.67579,-6.29403,2022-09-01,"13:45:00",38,120,35
"Gorey","Wexford","Main Street",97898,52.67579,-6.29403,2022-09-01,"14:00:34",59,99,35
"Gorey","Wexford","Main Street",97898,52.67579,-6.29403,2022-09-01,"14:15:08",80,132,35
"Gorey","Wexford","Main Street",97898,52.67579,-6.29403,2022-09-01,"14:30:04",76,121,35
"Gorey","Wexford","Main Street",97898,52.67579,-6.29403,2022-09-01,"14:45:00",77,111,35
"Gorey","Wexford","Main Street",97898,52.67579,-6.29403,2022-09-01,"15:00:09",72,118,35
"Gorey","Wexford","Main Street",97898,52.67579,-6.29403,2022-09-01,"15:15:06",80,118,35
"Gorey","Wexford","Main Street",97898,52.67579,-6.29403,2022-09-01,"15:30:16",75,55,35
"Gorey","Wexford","Main Street",97898,52.67579,-6.29403,2022-09-01,"15:45:03",72,118,35
"Gorey","Wexford","Main Street",97898,52.67579,-6.29403,2022-09-01,"16:00:05",66,115,35
"Gorey","Wexford","Main Street",97898,52.67579,-6.29403,2022-09-01,"16:15:05",62,111,35
"Gorey","Wexford","Main Street",97898,52.67579,-6.29403,2022-09-01,"16:30:18",85,127,35
"Gorey","Wexford","Main Street",97898,52.67579,-6.29403,2022-09-01,"16:45:04",72,125,35
"Gorey","Wexford","Main Street",97898,52.67579,-6.29403,2022-09-01,"17:00:04",82,130,35
"Gorey","Wexford","Main Street",97898,52.67579,-6.29403,2022-09-01,"17:15:00",76,120,35
"Gorey","Wexford","Main Street",97898,52.67579,-6.29403,2022-09-01,"17:30:04",72,135,35
"Gorey","Wexford","Main Street",97898,52.67579,-6.29403,2022-09-01,"17:45:06",60,86,35
"Gorey","Wexford","Main Street",97898,52.67579,-6.29403,2022-09-01,"18:00:00",78,125,35
"Gorey","Wexford","Main Street",97898,52.67579,-6.29403,2022-09-01,"18:15:00",88,135,35
"Gorey","Wexford","Main Street",97898,52.67579,-6.29403,2022-09-01,"18:30:03",66,145,35
"Gorey","Wexford","Main Street",97898,52.67579,-6.29403,2022-09-01,"18:45:00",78,162,35
"Gorey","Wexford","Main Street",97898,52.67579,-6.29403,2022-09-01,"19:00:04",71,118,35
"Gorey","Wexford","Main Street",97898,52.67579,-6.29403,2022-09-01,"19:15:06",31,37,35
"Gorey","Wexford","Main Street",97898,52.67579,-6.29403,2022-09-01,"19:30:00",73,131,35
"Gorey","Wexford","Main Street",97898,52.67579,-6.29403,2022-09-01,"19:45:15",57,83,35
"Gorey","Wexford","Main Street",97898,52.67579,-6.29403,2022-09-01,"20:00:14",66,118,35
"Gorey","Wexford","Main Street",97898,52.67579,-6.29403,2022-09-01,"20:15:14",92,100,35
"Gorey","Wexford","Main Street",97898,52.67579,-6.29403,2022-09-01,"20:30:03",62,75,35
"Gorey","Wexford","Main Street",97898,52.67579,-6.29403,2022-09-01,"20:45:13",46,55,35
"Gorey","Wexford","Main Street",97898,52.67579,-6.29403,2022-09-01,"21:00:10",57,69,35
"Gorey","Wexford","Main Street",97898,52.67579,-6.29403,2022-09-01,"21:15:19",37,59,35
"Gorey","Wexford","Main Street",97898,52.67579,-6.29403,2022-09-01,"21:30:24",34,54,35
"Gorey","Wexford","Main Street",97898,52.67579,-6.29403,2022-09-01,"21:45:15",36,41,35
"Gorey","Wexford","Main Street",97898,52.67579,-6.29403,2022-09-01,"22:00:17",33,48,35
"Gorey","Wexford","Main Street",97898,52.67579,-6.29403,2022-09-01,"22:15:11",23,39,35
"Gorey","Wexford","Main Street",97898,52.67579,-6.29403,2022-09-01,"22:30:00",33,30,35
"Gorey","Wexford","Main Street",97898,52.67579,-6.29403,2022-09-01,"22:45:15",20,23,35
"Gorey","Wexford","Main Street",97898,52.67579,-6.29403,2022-09-01,"23:00:45",19,24,35
"Gorey","Wexford","Main Street",97898,52.67579,-6.29403,2022-09-01,"23:15:54",9,16,35
"Gorey","Wexford","Main Street",97898,52.67579,-6.29403,2022-09-01,"23:30:39",13,13,35
"Gorey","Wexford","Main Street",97898,52.67579,-6.29403,2022-09-01,"23:45:16",8,13,35
"Gorey","Wexford","Main Street",97898,52.67579,-6.29403,2022-09-02,"00:00:00",12,25,35
"Gorey","Wexford","Main Street",97898,52.67579,-6.29403,2022-09-02,"00:15:32",7,17,35
"Gorey","Wexford","Main Street",97898,52.67579,-6.29403,2022-09-02,"00:30:40",5,9,35
"Gorey","Wexford","Main Street",97898,52.67579,-6.29403,2022-09-02,"00:45:50",8,5,35
"Gorey","Wexford","Main Street",97898,52.67579,-6.29403,2022-09-02,"01:00:09",6,7,35
"Gorey","Wexford","Main Street",97898,52.67579,-6.29403,2022-09-02,"01:15:12",3,5,35
"Gorey","Wexford","Main Street",97898,52.67579,-6.29403,2022-09-02,"01:30:13",3,8,35
"Gorey","Wexford","Main Street",97898,52.67579,-6.29403,2022-09-02,"01:45:12",3,4,35
"Gorey","Wexford","Main Street",97898,52.67579,-6.29403,2022-09-02,"02:00:07",3,5,35
"Gorey","Wexford","Main Street",97898,52.67579,-6.29403,2022-09-02,"02:15:35",6,5,35
"Gorey","Wexford","Main Street",97898,52.67579,-6.29403,2022-09-02,"02:30:09",1,4,35
"Gorey","Wexford","Main Street",97898,52.67579,-6.29403,2022-09-02,"02:45:05",1,4,35
"Gorey","Wexford","Main Street",97898,52.67579,-6.29403,2022-09-02,"03:00:26",2,2,35
"Gorey","Wexford","Main Street",97898,52.67579,-6.29403,2022-09-02,"03:15:15",0,4,35
"Gorey","Wexford","Main Street",97898,52.67579,-6.29403,2022-09-02,"03:30:47",4,3,35
"Gorey","Wexford","Main Street",97898,52.67579,-6.29403,2022-09-02,"03:45:15",2,8,35
"Gorey","Wexford","Main Street",97898,52.67579,-6.29403,2022-09-02,"04:00:43",2,4,35
"Gorey","Wexford","Main Street",97898,52.67579,-6.29403,2022-09-02,"04:15:11",2,7,35
"Gorey","Wexford","Main Street",97898,52.67579,-6.29403,2022-09-02,"04:30:29",2,10,35
"Gorey","Wexford","Main Street",97898,52.67579,-6.29403,2022-09-02,"04:45:34",2,9,35
"Gorey","Wexford","Main Street",97898,52.67579,-6.29403,2022-09-02,"05:00:58",5,12,35
"Gorey","Wexford","Main Street",97898,52.67579,-6.29403,2022-09-02,"05:15:09",6,18,35
"Gorey","Wexford","Main Street",97898,52.67579,-6.29403,2022-09-02,"05:30:07",8,24,35
"Gorey","Wexford","Main Street",97898,52.67579,-6.29403,2022-09-02,"05:45:23",5,29,35
"Gorey","Wexford","Main Street",97898,52.67579,-6.29403,2022-09-02,"06:00:58",5,36,35
"Gorey","Wexford","Main Street",97898,52.67579,-6.29403,2022-09-02,"06:15:16",18,54,35
"Gorey","Wexford","Main Street",97898,52.67579,-6.29403,2022-09-02,"06:30:14",10,52,35
"Gorey","Wexford","Main Street",97898,52.67579,-6.29403,2022-09-02,"06:45:21",11,64,35
"Gorey","Wexford","Main Street",97898,52.67579,-6.29403,2022-09-02,"07:00:23",21,54,35
"Gorey","Wexford","Main Street",97898,52.67579,-6.29403,2022-09-02,"07:15:09",32,62,35
"Gorey","Wexford","Main Street",97898,52.67579,-6.29403,2022-09-02,"07:30:00",33,78,35
"Gorey","Wexford","Main Street",97898,52.67579,-6.29403,2022-09-02,"07:45:06",49,105,35
"Gorey","Wexford","Main Street",97898,52.67579,-6.29403,2022-09-02,"08:00:05",61,137,35
"Gorey","Wexford","Main Street",97898,52.67579,-6.29403,2022-09-02,"08:15:13",77,146,35
"Gorey","Wexford","Main Street",97898,52.67579,-6.29403,2022-09-02,"08:30:13",99,145,35
"Gorey","Wexford","Main Street",97898,52.67579,-6.29403,2022-09-02,"08:45:00",84,137,35
"Gorey","Wexford","Main Street",97898,52.67579,-6.29403,2022-09-02,"09:00:00",69,127,35
"Gorey","Wexford","Main Street",97898,52.67579,-6.29403,2022-09-02,"09:15:04",57,126,35
"Gorey","Wexford","Main Street",97898,52.67579,-6.29403,2022-09-02,"09:30:05",50,142,35
"Gorey","Wexford","Main Street",97898,52.67579,-6.29403,2022-09-02,"09:45:05",59,136,35
"Gorey","Wexford","Main Street",97898,52.67579,-6.29403,2022-09-02,"10:00:04",58,134,35
"Gorey","Wexford","Main Street",97898,52.67579,-6.29403,2022-09-02,"10:15:07",23,48,35
"Gorey","Wexford","Main Street",97898,52.67579,-6.29403,2022-09-02,"10:30:08",62,128,35
"Gorey","Wexford","Main Street",97898,52.67579,-6.29403,2022-09-02,"10:45:15",59,128,35
"Gorey","Wexford","Main Street",97898,52.67579,-6.29403,2022-09-02,"11:00:08",45,123,35
"Gorey","Wexford","Main Street",97898,52.67579,-6.29403,2022-09-02,"11:15:11",63,107,35
"Gorey","Wexford","Main Street",97898,52.67579,-6.29403,2022-09-02,"11:30:15",60,117,35
"Gorey","Wexford","Main Street",97898,52.67579,-6.29403,2022-09-02,"11:45:00",63,101,35
"Gorey","Wexford","Main Street",97898,52.67579,-6.29403,2022-09-02,"12:00:00",68,110,35
"Gorey","Wexford","Main Street",97898,52.67579,-6.29403,2022-09-02,"12:15:06",59,92,35
"Gorey","Wexford","Main Street",97898,52.67579,-6.29403,2022-09-02,"12:30:13",56,114,35
"Gorey","Wexford","Main Street",97898,52.67579,-6.29403,2022-09-02,"12:45:05",67,131,35
"Gorey","Wexford","Main Street",97898,52.67579,-6.29403,2022-09-02,"13:00:07",53,125,35
"Gorey","Wexford","Main Street",97898,52.67579,-6.29403,2022-09-02,"13:15:06",49,96,35
"Gorey","Wexford","Main Street",97898,52.67579,-6.29403,2022-09-02,"13:30:04",65,63,35
"Gorey","Wexford","Main Street",97898,52.67579,-6.29403,2022-09-02,"13:45:06",66,109,35
"Gorey","Wexford","Main Street",97898,52.67579,-6.29403,2022-09-02,"14:00:13",67,118,35
"Gorey","Wexford","Main Street",97898,52.67579,-6.29403,2022-09-02,"14:15:28",71,126,35
"Gorey","Wexford","Main Street",97898,52.67579,-6.29403,2022-09-02,"14:30:10",74,105,35
"Gorey","Wexford","Main Street",97898,52.67579,-6.29403,2022-09-02,"14:45:05",73,121,35
"Gorey","Wexford","Main Street",97898,52.67579,-6.29403,2022-09-02,"15:00:11",55,101,35
"Gorey","Wexford","Main Street",97898,52.67579,-6.29403,2022-09-02,"15:15:05",71,105,35
"Gorey","Wexford","Main Street",97898,52.67579,-6.29403,2022-09-02,"15:30:06",69,133,35
"Gorey","Wexford","Main Street",97898,52.67579,-6.29403,2022-09-02,"15:45:03",70,106,35
"Gorey","Wexford","Main Street",97898,52.67579,-6.29403,2022-09-02,"16:00:22",58,120,35
"Gorey","Wexford","Main Street",97898,52.67579,-6.29403,2022-09-02,"16:15:09",66,123,35
"Gorey","Wexford","Main Street",97898,52.67579,-6.29403,2022-09-02,"16:30:00",67,127,35
"Gorey","Wexford","Main Street",97898,52.67579,-6.29403,2022-09-02,"16:45:00",75,130,35
"Gorey","Wexford","Main Street",97898,52.67579,-6.29403,2022-09-02,"17:00:03",79,122,35
"Gorey","Wexford","Main Street",97898,52.67579,-6.29403,2022-09-02,"17:15:05",78,144,35
"Gorey","Wexford","Main Street",97898,52.67579,-6.29403,2022-09-02,"17:30:05",72,134,35
"Gorey","Wexford","Main Street",97898,52.67579,-6.29403,2022-09-02,"17:45:00",85,141,35
"Gorey","Wexford","Main Street",97898,52.67579,-6.29403,2022-09-02,"18:00:06",70,137,35
"Gorey","Wexford","Main Street",97898,52.67579,-6.29403,2022-09-02,"18:15:00",73,136,35
"Gorey","Wexford","Main Street",97898,52.67579,-6.29403,2022-09-02,"18:30:08",77,150,35
"Gorey","Wexford","Main Street",97898,52.67579,-6.29403,2022-09-02,"18:45:00",63,133,35
"Gorey","Wexford","Main Street",97898,52.67579,-6.29403,2022-09-02,"19:00:00",77,140,35
"Gorey","Wexford","Main Street",97898,52.67579,-6.29403,2022-09-02,"19:15:00",86,153,35
"Gorey","Wexford","Main Street",97898,52.67579,-6.29403,2022-09-02,"19:30:03",69,129,35
"Gorey","Wexford","Main Street",97898,52.67579,-6.29403,2022-09-02,"19:45:00",77,110,35
"Gorey","Wexford","Main Street",97898,52.67579,-6.29403,2022-09-02,"20:00:05",71,135,35
"Gorey","Wexford","Main Street",97898,52.67579,-6.29403,2022-09-02,"20:15:12",76,120,35
"Gorey","Wexford","Main Street",97898,52.67579,-6.29403,2022-09-02,"20:30:06",66,109,35
"Gorey","Wexford","Main Street",97898,52.67579,-6.29403,2022-09-02,"20:45:03",62,89,35
"Gorey","Wexford","Main Street",97898,52.67579,-6.29403,2022-09-02,"21:00:10",69,111,35
"Gorey","Wexford","Main Street",97898,52.67579,-6.29403,2022-09-02,"21:15:15",58,71,35
"Gorey","Wexford","Main Street",97898,52.67579,-6.29403,2022-09-02,"21:30:12",41,61,35
"Gorey","Wexford","Main Street",97898,52.67579,-6.29403,2022-09-02,"21:45:26",33,63,35
"Gorey","Wexford","Main Street",97898,52.67579,-6.29403,2022-09-02,"22:00:12",39,65,35
"Gorey","Wexford","Main Street",97898,52.67579,-6.29403,2022-09-02,"22:15:00",37,39,35
"Gorey","Wexford","Main Street",97898,52.67579,-6.29403,2022-09-02,"22:30:00",26,45,35
"Gorey","Wexford","Main Street",97898,52.67579,-6.29403,2022-09-02,"22:45:18",31,34,35
"Gorey","Wexford","Main Street",97898,52.67579,-6.29403,2022-09-02,"23:00:17",27,33,35
"Gorey","Wexford","Main Street",97898,52.67579,-6.29403,2022-09-02,"23:15:11",30,41,35
"Gorey","Wexford","Main Street",97898,52.67579,-6.29403,2022-09-02,"23:30:22",20,31,35
"Gorey","Wexford","Main Street",97898,52.67579,-6.29403,2022-09-02,"23:45:05",23,15,35
"Gorey","Wexford","Main Street",97898,52.67579,-6.29403,2022-09-03,"00:00:16",14,13,35
"Gorey","Wexford","Main Street",97898,52.67579,-6.29403,2022-09-03,"00:15:44",19,25,35
"Gorey","Wexford","Main Street",97898,52.67579,-6.29403,2022-09-03,"00:30:41",15,19,35
"Gorey","Wexford","Main Street",97898,52.67579,-6.29403,2022-09-03,"00:45:14",15,23,35
"Gorey","Wexford","Main Street",97898,52.67579,-6.29403,2022-09-03,"01:00:25",21,22,35
"Gorey","Wexford","Main Street",97898,52.67579,-6.29403,2022-09-03,"01:15:10",10,15,35
"Gorey","Wexford","Main Street",97898,52.67579,-6.29403,2022-09-03,"01:30:48",15,13,35
"Gorey","Wexford","Main Street",97898,52.67579,-6.29403,2022-09-03,"01:45:49",15,21,35
"Gorey","Wexford","Main Street",97898,52.67579,-6.29403,2022-09-03,"02:00:46",8,15,35
"Gorey","Wexford","Main Street",97898,52.67579,-6.29403,2022-09-03,"02:15:15",14,11,35
"Gorey","Wexford","Main Street",97898,52.67579,-6.29403,2022-09-03,"02:30:44",9,18,35
"Gorey","Wexford","Main Street",97898,52.67579,-6.29403,2022-09-03,"02:45:43",10,14,35
"Gorey","Wexford","Main Street",97898,52.67579,-6.29403,2022-09-03,"03:00:11",8,6,35
"Gorey","Wexford","Main Street",97898,52.67579,-6.29403,2022-09-03,"03:15:44",5,10,35
"Gorey","Wexford","Main Street",97898,52.67579,-6.29403,2022-09-03,"03:30:41",8,9,35
"Gorey","Wexford","Main Street",97898,52.67579,-6.29403,2022-09-03,"03:45:11",4,13,35
"Gorey","Wexford","Main Street",97898,52.67579,-6.29403,2022-09-03,"04:00:31",5,6,35
"Gorey","Wexford","Main Street",97898,52.67579,-6.29403,2022-09-03,"04:15:44",6,5,35
"Gorey","Wexford","Main Street",97898,52.67579,-6.29403,2022-09-03,"04:30:11",3,2,35
"Gorey","Wexford","Main Street",97898,52.67579,-6.29403,2022-09-03,"04:45:19",3,8,35
"Gorey","Wexford","Main Street",97898,52.67579,-6.29403,2022-09-03,"05:00:16",5,4,35
"Gorey","Wexford","Main Street",97898,52.67579,-6.29403,2022-09-03,"05:15:58",1,4,35
"Gorey","Wexford","Main Street",97898,52.67579,-6.29403,2022-09-03,"05:30:06",4,8,35
"Gorey","Wexford","Main Street",97898,52.67579,-6.29403,2022-09-03,"05:45:21",7,13,35
"Gorey","Wexford","Main Street",97898,52.67579,-6.29403,2022-09-03,"06:00:17",12,9,35
"Gorey","Wexford","Main Street",97898,52.67579,-6.29403,2022-09-03,"06:15:33",9,20,35
"Gorey","Wexford","Main Street",97898,52.67579,-6.29403,2022-09-03,"06:30:26",8,25,35
"Gorey","Wexford","Main Street",97898,52.67579,-6.29403,2022-09-03,"06:45:20",12,30,35
"Gorey","Wexford","Main Street",97898,52.67579,-6.29403,2022-09-03,"07:00:20",10,30,35
"Gorey","Wexford","Main Street",97898,52.67579,-6.29403,2022-09-03,"07:15:07",13,26,35
"Gorey","Wexford","Main Street",97898,52.67579,-6.29403,2022-09-03,"07:30:13",13,34,35
"Gorey","Wexford","Main Street",97898,52.67579,-6.29403,2022-09-03,"07:45:22",12,57,35
"Gorey","Wexford","Main Street",97898,52.67579,-6.29403,2022-09-03,"08:00:10",32,65,35
"Gorey","Wexford","Main Street",97898,52.67579,-6.29403,2022-09-03,"08:15:33",26,70,35
"Gorey","Wexford","Main Street",97898,52.67579,-6.29403,2022-09-03,"08:30:10",35,89,35
"Gorey","Wexford","Main Street",97898,52.67579,-6.29403,2022-09-03,"08:45:08",42,114,35
"Gorey","Wexford","Main Street",97898,52.67579,-6.29403,2022-09-03,"09:00:00",35,106,35
"Gorey","Wexford","Main Street",97898,52.67579,-6.29403,2022-09-03,"09:15:04",51,132,35
"Gorey","Wexford","Main Street",97898,52.67579,-6.29403,2022-09-03,"09:30:07",51,127,35
"Gorey","Wexford","Main Street",97898,52.67579,-6.29403,2022-09-03,"09:45:10",44,137,35
"Gorey","Wexford","Main Street",97898,52.67579,-6.29403,2022-09-03,"10:00:20",61,138,35
"Gorey","Wexford","Main Street",97898,52.67579,-6.29403,2022-09-03,"10:15:04",52,135,35
"Gorey","Wexford","Main Street",97898,52.67579,-6.29403,2022-09-03,"10:30:09",49,98,35
"Gorey","Wexford","Main Street",97898,52.67579,-6.29403,2022-09-03,"10:45:06",57,126,35
"Gorey","Wexford","Main Street",97898,52.67579,-6.29403,2022-09-03,"11:00:04",65,125,35
"Gorey","Wexford","Main Street",97898,52.67579,-6.29403,2022-09-03,"11:15:00",59,135,35
"Gorey","Wexford","Main Street",97898,52.67579,-6.29403,2022-09-03,"11:30:08",52,129,35
"Gorey","Wexford","Main Street",97898,52.67579,-6.29403,2022-09-03,"11:45:06",76,104,35
"Gorey","Wexford","Main Street",97898,52.67579,-6.29403,2022-09-03,"12:00:00",68,128,35
"Gorey","Wexford","Main Street",97898,52.67579,-6.29403,2022-09-03,"12:15:04",66,133,35
"Gorey","Wexford","Main Street",97898,52.67579,-6.29403,2022-09-03,"12:30:22",70,130,35
"Gorey","Wexford","Main Street",97898,52.67579,-6.29403,2022-09-03,"12:45:08",70,127,35
"Gorey","Wexford","Main Street",97898,52.67579,-6.29403,2022-09-03,"13:00:06",65,122,35
"Gorey","Wexford","Main Street",97898,52.67579,-6.29403,2022-09-03,"13:15:20",53,124,35
"Gorey","Wexford","Main Street",97898,52.67579,-6.29403,2022-09-03,"13:30:12",49,99,35
"Gorey","Wexford","Main Street",97898,52.67579,-6.29403,2022-09-03,"13:45:00",58,122,35
"Gorey","Wexford","Main Street",97898,52.67579,-6.29403,2022-09-03,"14:00:00",66,117,35
"Gorey","Wexford","Main Street",97898,52.67579,-6.29403,2022-09-03,"14:15:00",57,120,35
"Gorey","Wexford","Main Street",97898,52.67579,-6.29403,2022-09-03,"14:30:05",69,123,35
"Gorey","Wexford","Main Street",97898,52.67579,-6.29403,2022-09-03,"14:45:13",46,126,35
"Gorey","Wexford","Main Street",97898,52.67579,-6.29403,2022-09-03,"15:00:19",54,108,35
"Gorey","Wexford","Main Street",97898,52.67579,-6.29403,2022-09-03,"15:15:04",64,127,35
"Gorey","Wexford","Main Street",97898,52.67579,-6.29403,2022-09-03,"15:30:05",61,112,35
"Gorey","Wexford","Main Street",97898,52.67579,-6.29403,2022-09-03,"15:45:03",68,117,35
"Gorey","Wexford","Main Street",97898,52.67579,-6.29403,2022-09-03,"16:00:01",62,114,35
"Gorey","Wexford","Main Street",97898,52.67579,-6.29403,2022-09-03,"16:15:05",85,143,35
"Gorey","Wexford","Main Street",97898,52.67579,-6.29403,2022-09-03,"16:30:13",71,108,35
"Gorey","Wexford","Main Street",97898,52.67579,-6.29403,2022-09-03,"16:45:00",61,128,35
"Gorey","Wexford","Main Street",97898,52.67579,-6.29403,2022-09-03,"17:00:19",58,140,35
"Gorey","Wexford","Main Street",97898,52.67579,-6.29403,2022-09-03,"17:15:11",81,118,35
"Gorey","Wexford","Main Street",97898,52.67579,-6.29403,2022-09-03,"17:30:04",77,140,35
"Gorey","Wexford","Main Street",97898,52.67579,-6.29403,2022-09-03,"17:45:06",57,131,35
"Gorey","Wexford","Main Street",97898,52.67579,-6.29403,2022-09-03,"18:00:04",70,125,35
"Gorey","Wexford","Main Street",97898,52.67579,-6.29403,2022-09-03,"18:15:05",66,111,35
"Gorey","Wexford","Main Street",97898,52.67579,-6.29403,2022-09-03,"18:30:19",74,141,35
"Gorey","Wexford","Main Street",97898,52.67579,-6.29403,2022-09-03,"18:45:00",60,131,35
"Gorey","Wexford","Main Street",97898,52.67579,-6.29403,2022-09-03,"19:00:00",64,106,35
"Gorey","Wexford","Main Street",97898,52.67579,-6.29403,2022-09-03,"19:15:04",61,123,35
"Gorey","Wexford","Main Street",97898,52.67579,-6.29403,2022-09-03,"19:30:05",87,139,35
"Gorey","Wexford","Main Street",97898,52.67579,-6.29403,2022-09-03,"19:45:07",62,117,35
"Gorey","Wexford","Main Street",97898,52.67579,-6.29403,2022-09-03,"20:00:06",38,128,35
"Gorey","Wexford","Main Street",97898,52.67579,-6.29403,2022-09-03,"20:15:21",55,88,35
"Gorey","Wexford","Main Street",97898,52.67579,-6.29403,2022-09-03,"20:30:36",60,87,35
"Gorey","Wexford","Main Street",97898,52.67579,-6.29403,2022-09-03,"20:45:05",57,78,35
"Gorey","Wexford","Main Street",97898,52.67579,-6.29403,2022-09-03,"21:00:20",47,69,35
"Gorey","Wexford","Main Street",97898,52.67579,-6.29403,2022-09-03,"21:15:11",51,92,35
"Gorey","Wexford","Main Street",97898,52.67579,-6.29403,2022-09-03,"21:30:04",46,57,35
"Gorey","Wexford","Main Street",97898,52.67579,-6.29403,2022-09-03,"21:45:21",36,50,35
"Gorey","Wexford","Main Street",97898,52.67579,-6.29403,2022-09-03,"22:00:24",24,49,35
"Gorey","Wexford","Main Street",97898,52.67579,-6.29403,2022-09-03,"22:15:12",48,42,35
"Gorey","Wexford","Main Street",97898,52.67579,-6.29403,2022-09-03,"22:30:07",51,33,35
"Gorey","Wexford","Main Street",97898,52.67579,-6.29403,2022-09-03,"22:45:34",31,45,35
"Gorey","Wexford","Main Street",97898,52.67579,-6.29403,2022-09-03,"23:00:26",23,28,35
"Gorey","Wexford","Main Street",97898,52.67579,-6.29403,2022-09-03,"23:15:12",37,26,35
"Gorey","Wexford","Main Street",97898,52.67579,-6.29403,2022-09-03,"23:30:44",21,30,35
"Gorey","Wexford","Main Street",97898,52.67579,-6.29403,2022-09-03,"23:45:31",21,21,35
"Gorey","Wexford","Main Street",97898,52.67579,-6.29403,2022-09-04,"00:00:13",20,32,35
"Gorey","Wexford","Main Street",97898,52.67579,-6.29403,2022-09-04,"00:15:05",22,22,35
"Gorey","Wexford","Main Street",97898,52.67579,-6.29403,2022-09-04,"00:30:09",17,17,35
"Gorey","Wexford","Main Street",97898,52.67579,-6.29403,2022-09-04,"00:45:10",20,31,35
"Gorey","Wexford","Main Street",97898,52.67579,-6.29403,2022-09-04,"01:00:21",26,20,35
"Gorey","Wexford","Main Street",97898,52.67579,-6.29403,2022-09-04,"01:15:13",20,15,35
"Gorey","Wexford","Main Street",97898,52.67579,-6.29403,2022-09-04,"01:30:34",15,16,35
"Gorey","Wexford","Main Street",97898,52.67579,-6.29403,2022-09-04,"01:45:08",16,19,35
"Gorey","Wexford","Main Street",97898,52.67579,-6.29403,2022-09-04,"02:00:37",15,25,35
"Gorey","Wexford","Main Street",97898,52.67579,-6.29403,2022-09-04,"02:15:47",11,31,35
"Gorey","Wexford","Main Street",97898,52.67579,-6.29403,2022-09-04,"02:30:12",10,21,35
"Gorey","Wexford","Main Street",97898,52.67579,-6.29403,2022-09-04,"02:45:46",5,23,35
"Gorey","Wexford","Main Street",97898,52.67579,-6.29403,2022-09-04,"03:00:17",10,11,35
"Gorey","Wexford","Main Street",97898,52.67579,-6.29403,2022-09-04,"03:15:05",5,9,35
"Gorey","Wexford","Main Street",97898,52.67579,-6.29403,2022-09-04,"03:30:23",8,7,35
"Gorey","Wexford","Main Street",97898,52.67579,-6.29403,2022-09-04,"03:45:04",2,4,35
"Gorey","Wexford","Main Street",97898,52.67579,-6.29403,2022-09-04,"04:00:21",4,3,35
"Gorey","Wexford","Main Street",97898,52.67579,-6.29403,2022-09-04,"04:15:39",1,5,35
"Gorey","Wexford","Main Street",97898,52.67579,-6.29403,2022-09-04,"04:30:36",0,2,35
"Gorey","Wexford","Main Street",97898,52.67579,-6.29403,2022-09-04,"04:45:58",5,7,35
"Gorey","Wexford","Main Street",97898,52.67579,-6.29403,2022-09-04,"05:00:45",3,1,35
"Gorey","Wexford","Main Street",97898,52.67579,-6.29403,2022-09-04,"05:15:12",3,4,35
"Gorey","Wexford","Main Street",97898,52.67579,-6.29403,2022-09-04,"05:30:32",2,4,35
"Gorey","Wexford","Main Street",97898,52.67579,-6.29403,2022-09-04,"05:45:15",2,7,35
"Gorey","Wexford","Main Street",97898,52.67579,-6.29403,2022-09-04,"06:00:52",0,3,35
"Gorey","Wexford","Main Street",97898,52.67579,-6.29403,2022-09-04,"06:15:19",2,8,35
"Gorey","Wexford","Main Street",97898,52.67579,-6.29403,2022-09-04,"06:30:09",3,9,35
"Gorey","Wexford","Main Street",97898,52.67579,-6.29403,2022-09-04,"06:45:15",5,7,35
"Gorey","Wexford","Main Street",97898,52.67579,-6.29403,2022-09-04,"07:00:08",2,10,35
"Gorey","Wexford","Main Street",97898,52.67579,-6.29403,2022-09-04,"07:15:45",8,18,35
"Gorey","Wexford","Main Street",97898,52.67579,-6.29403,2022-09-04,"07:30:00",5,11,35
"Gorey","Wexford","Main Street",97898,52.67579,-6.29403,2022-09-04,"07:45:37",8,24,35
"Gorey","Wexford","Main Street",97898,52.67579,-6.29403,2022-09-04,"08:00:03",7,31,35
"Gorey","Wexford","Main Street",97898,52.67579,-6.29403,2022-09-04,"08:15:00",17,40,35
"Gorey","Wexford","Main Street",97898,52.67579,-6.29403,2022-09-04,"08:30:28",12,32,35
"Gorey","Wexford","Main Street",97898,52.67579,-6.29403,2022-09-04,"08:45:20",22,50,35
"Gorey","Wexford","Main Street",97898,52.67579,-6.29403,2022-09-04,"09:00:07",27,57,35
"Gorey","Wexford","Main Street",97898,52.67579,-6.29403,2022-09-04,"09:15:12",18,59,35
"Gorey","Wexford","Main Street",97898,52.67579,-6.29403,2022-09-04,"09:30:00",23,93,35
"Gorey","Wexford","Main Street",97898,52.67579,-6.29403,2022-09-04,"09:45:06",43,112,35
"Gorey","Wexford","Main Street",97898,52.67579,-6.29403,2022-09-04,"10:00:06",36,76,35
"Gorey","Wexford","Main Street",97898,52.67579,-6.29403,2022-09-04,"10:15:05",37,94,35
"Gorey","Wexford","Main Street",97898,52.67579,-6.29403,2022-09-04,"10:30:05",46,75,35
"Gorey","Wexford","Main Street",97898,52.67579,-6.29403,2022-09-04,"10:45:00",37,84,35
"Gorey","Wexford","Main Street",97898,52.67579,-6.29403,2022-09-04,"11:00:07",49,115,35
"Gorey","Wexford","Main Street",97898,52.67579,-6.29403,2022-09-04,"11:15:05",64,104,35
"Gorey","Wexford","Main Street",97898,52.67579,-6.29403,2022-09-04,"11:30:09",64,76,35
"Gorey","Wexford","Main Street",97898,52.67579,-6.29403,2022-09-04,"11:45:08",66,138,35
"Gorey","Wexford","Main Street",97898,52.67579,-6.29403,2022-09-04,"12:00:00",73,130,35
"Gorey","Wexford","Main Street",97898,52.67579,-6.29403,2022-09-04,"12:15:05",66,132,35
"Gorey","Wexford","Main Street",97898,52.67579,-6.29403,2022-09-04,"12:30:06",78,138,35
"Gorey","Wexford","Main Street",97898,52.67579,-6.29403,2022-09-04,"12:45:00",59,122,35
"Gorey","Wexford","Main Street",97898,52.67579,-6.29403,2022-09-04,"13:00:08",63,126,35
"Gorey","Wexford","Main Street",97898,52.67579,-6.29403,2022-09-04,"13:15:08",64,123,35
"Gorey","Wexford","Main Street",97898,52.67579,-6.29403,2022-09-04,"13:30:00",76,139,35
"Gorey","Wexford","Main Street",97898,52.67579,-6.29403,2022-09-04,"13:45:07",66,139,35
"Gorey","Wexford","Main Street",97898,52.67579,-6.29403,2022-09-04,"14:00:06",49,151,35
"Gorey","Wexford","Main Street",97898,52.67579,-6.29403,2022-09-04,"14:15:05",29,121,35
"Gorey","Wexford","Main Street",97898,52.67579,-6.29403,2022-09-04,"14:30:00",43,132,35
"Gorey","Wexford","Main Street",97898,52.67579,-6.29403,2022-09-04,"14:45:04",46,144,35
"Gorey","Wexford","Main Street",97898,52.67579,-6.29403,2022-09-04,"15:00:00",47,128,35
"Gorey","Wexford","Main Street",97898,52.67579,-6.29403,2022-09-04,"15:15:04",50,92,35
"Gorey","Wexford","Main Street",97898,52.67579,-6.29403,2022-09-04,"15:30:06",49,60,35
"Gorey","Wexford","Main Street",97898,52.67579,-6.29403,2022-09-04,"15:45:00",82,161,35
"Gorey","Wexford","Main Street",97898,52.67579,-6.29403,2022-09-04,"16:00:04",73,147,35
"Gorey","Wexford","Main Street",97898,52.67579,-6.29403,2022-09-04,"16:15:00",52,95,35
"Gorey","Wexford","Main Street",97898,52.67579,-6.29403,2022-09-04,"16:30:08",47,122,35
"Gorey","Wexford","Main Street",97898,52.67579,-6.29403,2022-09-04,"16:45:08",76,133,35
"Gorey","Wexford","Main Street",97898,52.67579,-6.29403,2022-09-04,"17:00:10",79,121,35
"Gorey","Wexford","Main Street",97898,52.67579,-6.29403,2022-09-04,"17:15:04",79,121,35
"Gorey","Wexford","Main Street",97898,52.67579,-6.29403,2022-09-04,"17:30:06",71,150,35
"Gorey","Wexford","Main Street",97898,52.67579,-6.29403,2022-09-04,"17:45:00",67,136,35
"Gorey","Wexford","Main Street",97898,52.67579,-6.29403,2022-09-04,"18:00:06",55,107,35
"Gorey","Wexford","Main Street",97898,52.67579,-6.29403,2022-09-04,"18:15:12",76,114,35
"Gorey","Wexford","Main Street",97898,52.67579,-6.29403,2022-09-04,"18:30:03",64,137,35
"Gorey","Wexford","Main Street",97898,52.67579,-6.29403,2022-09-04,"18:45:05",64,101,35
"Gorey","Wexford","Main Street",97898,52.67579,-6.29403,2022-09-04,"19:00:07",71,137,35
"Gorey","Wexford","Main Street",97898,52.67579,-6.29403,2022-09-04,"19:15:00",67,113,35
"Gorey","Wexford","Main Street",97898,52.67579,-6.29403,2022-09-04,"19:30:04",93,128,35
"Gorey","Wexford","Main Street",97898,52.67579,-6.29403,2022-09-04,"19:45:03",82,92,35
"Gorey","Wexford","Main Street",97898,52.67579,-6.29403,2022-09-04,"20:00:00",69,102,35
"Gorey","Wexford","Main Street",97898,52.67579,-6.29403,2022-09-04,"20:15:09",68,86,35
"Gorey","Wexford","Main Street",97898,52.67579,-6.29403,2022-09-04,"20:30:06",64,72,35
"Gorey","Wexford","Main Street",97898,52.67579,-6.29403,2022-09-04,"20:45:05",46,77,35
"Gorey","Wexford","Main Street",97898,52.67579,-6.29403,2022-09-04,"21:00:32",47,75,35
"Gorey","Wexford","Main Street",97898,52.67579,-6.29403,2022-09-04,"21:15:30",25,41,35
"Gorey","Wexford","Main Street",97898,52.67579,-6.29403,2022-09-04,"21:30:19",29,52,35
"Gorey","Wexford","Main Street",97898,52.67579,-6.29403,2022-09-04,"21:45:04",30,26,35
"Gorey","Wexford","Main Street",97898,52.67579,-6.29403,2022-09-04,"22:00:30",12,32,35
"Gorey","Wexford","Main Street",97898,52.67579,-6.29403,2022-09-04,"22:15:13",22,22,35
"Gorey","Wexford","Main Street",97898,52.67579,-6.29403,2022-09-04,"22:30:16",22,8,35
"Gorey","Wexford","Main Street",97898,52.67579,-6.29403,2022-09-04,"22:45:41",18,16,35
"Gorey","Wexford","Main Street",97898,52.67579,-6.29403,2022-09-04,"23:00:40",28,20,35
"Gorey","Wexford","Main Street",97898,52.67579,-6.29403,2022-09-04,"23:15:16",38,26,35
"Gorey","Wexford","Main Street",97898,52.67579,-6.29403,2022-09-04,"23:30:13",29,22,35
"Gorey","Wexford","Main Street",97898,52.67579,-6.29403,2022-09-04,"23:45:08",12,17,35
